provider,title,program,marker,state,matchone_rep,signed_date,status
JULIO RODRIGUEZ JR,MD,FFW_2.0,*,PA,Samir Thapa,2025-11-07,ACTIVE
MARCO ALCALA,MD,FFW_2.0,*,PA,Matt Royle,2023-04-05,ACTIVE
ALBERT JANERICH,MD,FFW_2.0,*,PA,Jon Janerich,2023-04-05,ACTIVE
DAVID A JANERICH,DO,FFW_2.0,*,PA,Jon Janerich,2024-08-13,ACTIVE
BENJAMIN KAPLAN,MD,FFW_2.0,*,PA,Austin Liput,2024-03-06,ACTIVE
RANDALL SMITH,MD,FFW_2.0,*,PA,Austin Liput,2024-03-06,ACTIVE
ANKUR GOSALIA,MD,FFW_2.0,*,PA,Brendon Hink,2024-11-17,ACTIVE
DAVID DECHELLIS,DO,FFW_2.0,*,PA,Brendon Hink,2024-11-17,ACTIVE
ENIOLA ADEPOJU,PA-C,FFW_2.0,*,MD,Pete Crosby,2024-11-20,ACTIVE
JIMMY BELLO,PA-C,FFW_2.0,*,MD,Pete Crosby,2024-11-20,ACTIVE
LINCOLN DOVER,?,FFW_2.0,*,MD,Pete Crosby,2024-11-20,ACTIVE
OLUBAYO OLDARA-FADARE,MD,FFW_2.0,*,IL,Pete Crosby,2024-11-20,ACTIVE
ADAM POWERS,CRNP,FFW_2.0,*,PA,Samir Thapa,2025-09-10,ACTIVE
ALBERTO CABANTOG,MD,FFW_2.0,*,PA,Samir Thapa,2025-09-10,ACTIVE
ALICIA JENKINS,CRNP,FFW_2.0,*,PA,Samir Thapa,2025-09-10,ACTIVE
CHAD BURNS,CRNP,FFW_2.0,*,PA,Samir Thapa,2025-09-10,ACTIVE
DAVID POPE,PA-C,FFW_2.0,*,PA,Samir Thapa,2025-09-10,ACTIVE
GREG HITES,DNP,FFW_2.0,*,PA,Samir Thapa,2025-09-10,ACTIVE
JEREMIAH ALTMAN,PA-C,FFW_2.0,*,PA,Samir Thapa,2025-09-10,ACTIVE
LAUREN MCDANIEL,CRNP,FFW_2.0,*,PA,Samir Thapa,2025-09-10,ACTIVE
NICHOLAS KINBACK,MD,FFW_2.0,*,PA,Samir Thapa,2025-09-10,ACTIVE
ROLANDO (ROLLY) GARCIA,PA-C,FFW_2.0,*,PA,Samir Thapa,2025-09-10,ACTIVE
SUDHIR RAO,MD,FFW_2.0,*,PA,Samir Thapa,2025-09-10,ACTIVE
SUHAS BADARINATH,MD,FFW_2.0,*,PA,Samir Thapa,2025-09-10,ACTIVE
ALEXANDER DUKE,DO,FFW_2.0,*,PA,Samir Thapa,2025-04-20,ACTIVE
ALEXANDER GARLICK,DPT,FFW_2.0,*,PA,Paul Lopiccolo,2024-10-23,ACTIVE
ALEXIS PILATO,MD,FFW_2.0,*,PA,Matt Royle,2024-08-26,ACTIVE
ATTILA NYILAS,PA-C,FFW_2.0,*,PA,Matt Royle,2023-07-02,ACTIVE
BARRY RUHT,MD,FFW_2.0,*,PA,Austin Liput,2025-10-21,ACTIVE
BENJAMIN SHULTZ,DC,FFW_2.0,*,PA,Paul Lopiccolo,2024-08-08,ACTIVE
CARMEN PETRAGLIA,MD,FFW_2.0,*,PA,Brendon Hink,2025-01-23,ACTIVE
CHRISTOPHER FIORDALISO,MA,FFW_2.0,*,PA,Austin Liput,2025-11-05,ACTIVE
DAMON COMBS,DPM,FFW_2.0,*,PA,Gina Franco,2024-12-17,ACTIVE
DARREN BRADLEY,DPT,FFW_2.0,*,PA,Paul Lopiccolo,2023-06-30,ACTIVE
DAVID BRADLEY,DPT,FFW_2.0,*,PA,Paul Lopiccolo,2023-07-27,ACTIVE
DAVID GELBMANN,DPM,FFW_2.0,*,IL,Matthew Christensen,2024-10-03,ACTIVE
DENNIS STROSKO,RPT,FFW_2.0,*,PA,Paul Lopiccolo,2023-10-05,ACTIVE
DEREK THOMAS,MD,FFW_2.0,*,PA,Brendon Hink,2023-05-15,ACTIVE
DERRICK FLUHME,MD,FFW_2.0,*,PA,Paul Lopiccolo,2024-08-06,ACTIVE
ERIC BOHN,DO,FFW_2.0,*,PA,Paul Lopiccolo,2026-01-22,ACTIVE
JACOB DICESARE,DO,FFW_2.0,*,PA,Paul Lopiccolo,2024-08-01,ACTIVE
JAMES MULLEN,DO,FFW_2.0,*,PA,Brendon Hink,2025-11-24,ACTIVE
JEFFREY MATHENY,MD,FFW_2.0,*,PA,Pete Crosby,2025-03-10,ACTIVE
JOEL ANDERSON,DPM,FFW_2.0,*,IL,Skyler Zarndt,2024-10-07,ACTIVE
JOHN LEHMAN,MD,FFW_2.0,*,PA,Gina Franco,2023-06-15,ACTIVE
JOHN WRIGHTSON,MD,FFW_2.0,*,PA,Brendon Hink,2023-07-12,ACTIVE
JOSHUA BROWN,PT DPT,FFW_2.0,*,PA,Paul Lopiccolo,2024-04-03,ACTIVE
KELLY KNEPSHIELD,DPT,FFW_2.0,*,PA,Paul Lopiccolo,2023-07-11,ACTIVE
KEVIN PERRIS,DPT,FFW_2.0,*,PA,Paul Lopiccolo,2025-02-10,ACTIVE
MATTHEW COOK,DC,FFW_2.0,*,PA,Paul Lopiccolo,2023-11-07,ACTIVE
MICHAEL GHASSIBI,DO,FFW_2.0,*,PA,Brendon Hink,2023-04-05,ACTIVE
NICHOLAS KUBIK,MD,FFW_2.0,*,PA,Paul Lopiccolo,2023-04-04,ACTIVE
NICOLE BURNS,DO,FFW_2.0,*,PA,Paul Lopiccolo,2024-02-16,ACTIVE
ORIENTE DITANO,MD,FFW_2.0,*,PA,Matt Royle,2024-12-01,ACTIVE
RAVI VED,DO,FFW_2.0,*,PA,Matt Royle,2025-05-23,ACTIVE
ROSTAM NASSIRI,MD,FFW_2.0,*,MD,Pete Crosby,2024-08-13,ACTIVE
RYAN PAGE,PA-C,FFW_2.0,*,PA,Pete Crosby,2025-03-11,ACTIVE
RYAN RIDENOUR,MD,FFW_2.0,*,PA,Brendon Hink,2024-12-09,ACTIVE
STEPHEN THOMAS,MD,FFW_2.0,*,PA,Paul Lopiccolo,2024-12-09,ACTIVE
TODD FRANCO,DO,FFW_2.0,*,PA,Matt Royle,2024-07-01,ACTIVE
RAVINDER SINGH,MD,FFW_2.0,*,PA,Austin Liput,2026-02-19,ACTIVE
KYLE HOLMBERG,MD,FFW_2.0,*,,Samir Thapa,,PENDING
DEAN SOTEREANOS,MD,FFW_2.0,*,PA,Reynold Stoner,2026-06-01,PENDING
BRIAN STONE,DO,FFW_2.0,*,,,,PENDING
SHARON KOUVARAS,PA-C,FFW_2.0,*,PA,Paul Lopiccolo,2026-07-29,ACTIVE
PETER LASATER,MD,AMP_MI,+,MI,Skyler,2026-01-23,ACTIVE
ARA BUSH,MD,AMP_MI,+,MI,Skyler,2026-03-15,ACTIVE
MATTHEW SARDELLI,MD,AMP_MI,+,MI,Skyler,,PENDING
WEDNESDAY HALL,MD,AMP_MI,+,MI,Skyler,2026-03-10,ACTIVE
SABIN SHAH,MD,AMP_MI,+,MI,Skyler,2026-04-01,ACTIVE
